2022-09-01 00:00:52,12378.50,+0.16,390702
2022-09-01 00:01:52,12378.50,+0.16,391526
2022-09-01 00:02:52,12384.25,+0.21,392293
2022-09-01 00:04:15,12383.50,+0.20,393450
2022-09-01 00:05:15,12384.50,+0.21,394043
2022-09-01 00:06:15,12394.00,+0.29,395263
2022-09-01 00:07:15,12393.75,+0.28,396285
2022-09-01 00:08:15,12393.00,+0.28,397140
2022-09-01 00:09:15,12397.50,+0.31,398016
2022-09-01 00:10:15,12393.75,+0.28,399209
2022-09-01 00:11:15,12382.75,+0.19,400495
2022-09-01 00:12:15,12384.50,+0.21,401265
2022-09-01 00:13:15,12383.25,+0.20,401794
2022-09-01 00:14:15,12377.75,+0.15,402361
2022-09-01 00:15:15,12386.50,+0.22,403024
2022-09-01 00:16:15,12377.25,+0.15,403684
2022-09-01 00:17:15,12365.25,+0.05,404847
2022-09-01 00:18:15,12380.00,+0.17,405721
2022-09-01 00:19:15,12385.75,+0.22,406248
2022-09-01 00:20:15,12371.75,+0.11,407371
2022-09-01 00:21:15,12369.25,+0.08,408257
2022-09-01 00:22:15,12374.25,+0.13,408877
2022-09-01 00:23:15,12377.00,+0.15,409466
2022-09-01 00:24:15,12384.25,+0.21,410279
2022-09-01 00:25:15,12379.00,+0.16,410902
2022-09-01 00:26:15,12391.50,+0.26,411491
2022-09-01 00:27:15,12392.50,+0.27,412421
2022-09-01 00:28:15,12383.75,+0.20,413299
2022-09-01 00:29:15,12378.50,+0.16,413960
2022-09-01 00:30:15,12370.50,+0.10,414753
2022-09-01 00:31:15,12371.50,+0.10,415323
2022-09-01 00:32:15,12371.50,+0.10,415852
2022-09-01 00:33:15,12366.00,+0.06,416324
2022-09-01 00:34:15,12362.75,+0.03,417629
2022-09-01 00:35:15,12357.50,-0.01,418670
2022-09-01 00:36:15,12365.25,+0.05,419518
2022-09-01 00:37:15,12360.50,+0.01,420065
2022-09-01 00:38:15,12359.00,+0.00,420455
2022-09-01 00:39:15,12365.75,+0.06,421018
2022-09-01 00:40:15,12366.75,+0.06,421638
2022-09-01 00:41:15,12366.50,+0.06,422198
2022-09-01 00:42:15,12371.00,+0.10,423044
2022-09-01 00:43:15,12376.00,+0.14,424065
2022-09-01 00:44:15,12378.50,+0.16,424606
2022-09-01 00:45:15,12371.50,+0.10,425107
2022-09-01 00:46:15,12372.25,+0.11,425677
2022-09-01 00:47:15,12366.75,+0.06,426413
2022-09-01 00:48:15,12363.75,+0.04,427124
2022-09-01 00:49:15,12360.00,+0.01,428166
2022-09-01 00:50:15,12353.00,-0.05,428878
2022-09-01 00:51:15,12343.25,-0.13,430579
2022-09-01 00:52:15,12342.75,-0.13,431400
2022-09-01 00:53:15,12344.50,-0.12,432494
2022-09-01 00:54:15,12353.50,-0.04,433224
2022-09-01 00:55:15,12344.25,-0.12,433992
2022-09-01 00:56:15,12343.75,-0.12,434482
2022-09-01 00:57:15,12349.75,-0.07,434876
2022-09-01 00:58:15,12351.75,-0.06,435431
2022-09-01 00:59:15,12355.00,-0.03,435950
2022-09-01 01:00:15,12355.00,-0.03,436587
2022-09-01 01:01:15,12353.25,-0.04,436976
2022-09-01 01:02:15,12352.25,-0.05,437527
2022-09-01 01:03:15,12340.25,-0.15,438392
2022-09-01 01:04:15,12344.75,-0.11,438964
2022-09-01 01:05:15,12340.75,-0.15,439416
2022-09-01 01:06:15,12338.75,-0.16,440087
2022-09-01 01:07:15,12336.50,-0.18,440980
2022-09-01 01:08:15,12335.75,-0.19,441606
2022-09-01 01:09:15,12343.50,-0.12,442271
2022-09-01 01:10:15,12343.25,-0.13,442687
2022-09-01 01:11:15,12347.00,-0.10,443386
2022-09-01 01:12:15,12346.00,-0.10,443891
2022-09-01 01:13:15,12345.50,-0.11,444547
2022-09-01 01:14:15,12340.25,-0.15,445179
2022-09-01 01:15:15,12340.50,-0.15,445591
2022-09-01 01:16:15,12340.75,-0.15,445981
2022-09-01 01:17:15,12348.50,-0.08,446804
2022-09-01 01:18:15,12356.25,-0.02,447699
2022-09-01 01:19:15,12352.25,-0.05,448461
2022-09-01 01:20:15,12357.75,-0.01,449095
2022-09-01 01:21:15,12358.00,-0.01,449778
2022-09-01 01:22:15,12353.75,-0.04,450577
2022-09-01 01:23:15,12368.50,+0.08,451847
2022-09-01 01:24:15,12364.25,+0.04,452888
2022-09-01 01:25:15,12353.50,-0.04,453883
2022-09-01 01:26:15,12347.50,-0.09,454738
2022-09-01 01:27:15,12347.25,-0.09,455498
2022-09-01 01:28:15,12345.50,-0.11,455574
2022-09-01 01:29:15,12331.75,-0.22,457607
2022-09-01 01:30:15,12327.25,-0.25,458589
2022-09-01 01:31:15,12325.75,-0.27,459289
2022-09-01 01:32:15,12326.50,-0.26,460244
2022-09-01 01:33:15,12316.00,-0.35,461528
2022-09-01 01:34:15,12316.25,-0.34,462685
2022-09-01 01:35:15,12315.75,-0.35,463492
2022-09-01 01:36:15,12312.25,-0.38,464227
2022-09-01 01:37:15,12312.50,-0.37,465620
2022-09-01 01:38:15,12320.00,-0.31,466821
2022-09-01 01:39:15,12322.00,-0.30,467742
2022-09-01 01:40:15,12322.00,-0.30,468332
2022-09-01 01:41:15,12314.25,-0.36,469219
2022-09-01 01:42:15,12317.50,-0.33,470142
2022-09-01 01:43:15,12326.75,-0.26,471482
2022-09-01 01:44:15,12322.25,-0.30,472168
2022-09-01 01:45:15,12316.50,-0.34,472698
2022-09-01 01:46:15,12316.00,-0.35,473331
2022-09-01 01:47:15,12318.00,-0.33,473894
2022-09-01 01:48:15,12315.25,-0.35,474513
2022-09-01 01:49:15,12307.50,-0.41,475813
2022-09-01 01:50:15,12293.50,-0.53,477672
2022-09-01 01:51:15,12289.50,-0.56,479601
2022-09-01 01:52:15,12288.25,-0.57,480551
2022-09-01 01:53:15,12290.25,-0.55,481180
2022-09-01 01:54:15,12298.50,-0.49,482226
2022-09-01 01:55:15,12297.75,-0.49,482853
2022-09-01 01:56:15,12305.00,-0.43,483857
2022-09-01 01:57:15,12304.25,-0.44,484613
2022-09-01 01:58:15,12304.50,-0.44,484990
2022-09-01 01:59:15,12298.75,-0.49,485705
2022-09-01 02:00:15,12293.75,-0.53,486445
2022-09-01 02:01:15,12301.75,-0.46,487000
2022-09-01 02:02:15,12306.50,-0.42,487725
2022-09-01 02:03:15,12303.25,-0.45,488217
2022-09-01 02:04:15,12310.75,-0.39,489031
2022-09-01 02:05:15,12309.50,-0.40,489721
2022-09-01 02:06:15,12313.75,-0.36,490294
2022-09-01 02:07:15,12310.00,-0.39,491290
2022-09-01 02:08:15,12314.75,-0.36,491790
2022-09-01 02:09:15,12314.50,-0.36,492409
2022-09-01 02:10:15,12311.75,-0.38,492921
2022-09-01 02:11:15,12319.25,-0.32,493759
2022-09-01 02:12:15,12324.00,-0.28,494701
2022-09-01 02:13:15,12312.25,-0.38,495402
2022-09-01 02:14:15,12313.25,-0.37,496272
2022-09-01 02:15:15,12313.50,-0.37,496351
2022-09-01 02:16:15,12306.25,-0.42,497873
2022-09-01 02:17:15,12304.00,-0.44,498857
2022-09-01 02:18:15,12322.25,-0.30,500108
2022-09-01 02:19:15,12333.25,-0.21,502624
2022-09-01 02:20:15,12337.00,-0.18,503649
2022-09-01 02:21:15,12326.25,-0.26,504631
2022-09-01 02:22:15,12326.75,-0.26,505618
2022-09-01 02:23:15,12333.25,-0.21,506380
2022-09-01 02:24:15,12325.50,-0.27,507015
2022-09-01 02:25:15,12334.00,-0.20,507614
2022-09-01 02:26:15,12337.00,-0.18,508661
2022-09-01 02:27:15,12327.75,-0.25,509562
2022-09-01 02:28:15,12328.25,-0.25,510243
2022-09-01 02:29:15,12327.25,-0.25,510702
2022-09-01 02:30:15,12324.75,-0.28,511362
2022-09-01 02:31:15,12323.75,-0.28,512401
2022-09-01 02:32:15,12317.75,-0.33,513252
2022-09-01 02:33:15,12324.00,-0.28,514109
2022-09-01 02:34:15,12317.75,-0.33,514799
2022-09-01 02:35:15,12323.75,-0.28,515387
2022-09-01 02:36:15,12328.75,-0.24,516411
2022-09-01 02:37:15,12327.50,-0.25,517019
2022-09-01 02:38:15,12337.25,-0.17,517641
2022-09-01 02:39:15,12336.50,-0.18,518432
2022-09-01 02:40:15,12325.25,-0.27,519561
2022-09-01 02:41:15,12322.75,-0.29,519739
2022-09-01 02:42:15,12318.75,-0.32,520964
2022-09-01 02:43:15,12310.75,-0.39,522054
2022-09-01 02:44:15,12298.25,-0.49,523920
2022-09-01 02:45:15,12301.00,-0.47,525052
2022-09-01 02:46:15,12298.00,-0.49,525846
2022-09-01 02:47:15,12299.00,-0.48,526768
2022-09-01 02:48:15,12296.25,-0.51,527612
2022-09-01 02:49:15,12295.25,-0.51,528547
2022-09-01 02:50:15,12291.00,-0.55,529940
2022-09-01 02:51:15,12293.75,-0.53,530294
2022-09-01 02:52:15,12291.50,-0.54,531099
2022-09-01 02:53:15,12285.50,-0.59,532289
2022-09-01 02:54:15,12281.00,-0.63,533395
2022-09-01 02:55:15,12280.75,-0.63,534759
2022-09-01 02:56:15,12278.00,-0.65,535683
2022-09-01 02:57:15,12289.00,-0.56,536904
2022-09-01 02:58:15,12298.25,-0.49,538058
2022-09-01 02:59:15,12292.50,-0.54,539250
2022-09-01 03:00:15,12295.50,-0.51,539398
2022-09-01 03:01:15,12294.00,-0.52,540685
2022-09-01 03:02:15,12295.00,-0.52,541526
2022-09-01 03:03:15,12298.25,-0.49,542493
2022-09-01 03:04:15,12296.50,-0.50,542911
2022-09-01 03:05:15,12298.50,-0.49,543493
2022-09-01 03:06:15,12290.50,-0.55,544258
2022-09-01 03:07:15,12294.75,-0.52,545230
2022-09-01 03:08:15,12280.75,-0.63,545990
2022-09-01 03:09:15,12289.75,-0.56,547342
2022-09-01 03:10:15,12297.00,-0.50,548314
2022-09-01 03:11:15,12287.00,-0.58,549568
2022-09-01 03:12:15,12287.00,-0.58,550088
2022-09-01 03:13:15,12304.00,-0.44,551332
2022-09-01 03:14:15,12315.00,-0.35,553115
2022-09-01 03:15:15,12310.75,-0.39,554523
2022-09-01 03:16:15,12309.75,-0.40,555477
2022-09-01 03:17:15,12319.25,-0.32,556405
2022-09-01 03:18:15,12330.25,-0.23,557950
2022-09-01 03:19:15,12321.00,-0.31,558926
2022-09-01 03:20:15,12323.50,-0.29,559939
2022-09-01 03:21:15,12332.50,-0.21,561313
2022-09-01 03:22:15,12329.75,-0.23,563568
2022-09-01 03:23:15,12329.25,-0.24,564216
2022-09-01 03:24:15,12341.25,-0.14,565499
2022-09-01 03:25:15,12347.50,-0.09,567085
2022-09-01 03:26:15,12376.25,+0.14,569312
2022-09-01 03:27:15,12362.00,+0.03,570687
2022-09-01 03:28:15,12358.25,-0.00,571728
2022-09-01 03:29:15,12359.00,+0.00,572855
2022-09-01 03:30:15,12347.00,-0.10,573886
2022-09-01 03:31:15,12339.25,-0.16,575066
2022-09-01 03:32:15,12336.25,-0.18,576264
2022-09-01 03:33:15,12335.25,-0.19,577038
2022-09-01 03:34:15,12333.75,-0.20,578063
2022-09-01 03:35:15,12328.00,-0.25,578776
2022-09-01 03:36:15,12331.25,-0.22,580761
2022-09-01 03:37:15,12326.75,-0.26,581484
2022-09-01 03:38:15,12329.25,-0.24,582397
2022-09-01 03:39:15,12336.75,-0.18,583310
2022-09-01 03:40:15,12334.50,-0.20,584221
2022-09-01 03:41:15,12346.75,-0.10,585548
2022-09-01 03:42:15,12330.00,-0.23,586879
2022-09-01 03:43:15,12325.50,-0.27,587683
2022-09-01 03:44:15,12327.25,-0.25,588939
2022-09-01 03:45:15,12321.00,-0.31,589658
2022-09-01 03:46:15,12329.50,-0.24,590843
2022-09-01 03:47:15,12334.00,-0.20,591394
2022-09-01 03:48:15,12331.50,-0.22,592392
2022-09-01 03:49:15,12339.00,-0.16,593299
2022-09-01 03:50:15,12349.00,-0.08,595029
2022-09-01 03:51:15,12346.00,-0.10,596023
2022-09-01 03:52:15,12349.75,-0.07,597393
2022-09-01 03:53:15,12361.25,+0.02,599180
2022-09-01 03:54:15,12371.00,+0.10,600503
2022-09-01 03:55:15,12366.75,+0.06,601904
2022-09-01 03:56:15,12366.00,+0.06,602611
2022-09-01 03:57:15,12374.25,+0.13,604363
2022-09-01 03:58:15,12366.50,+0.06,604813
2022-09-01 03:59:15,12358.75,0.00,608728
2022-09-01 04:00:15,12350.75,-0.06,610905
2022-09-01 04:01:15,12340.00,-0.15,613230
2022-09-01 04:02:15,12353.25,-0.04,614982
2022-09-01 04:03:15,12347.75,-0.09,616322
2022-09-01 04:04:15,12343.75,-0.12,617610
2022-09-01 04:05:15,12323.50,-0.29,621528
2022-09-01 04:06:15,12310.50,-0.39,623464
2022-09-01 04:07:15,12314.25,-0.36,625687
2022-09-01 04:08:15,12301.50,-0.46,628077
2022-09-01 04:09:15,12295.75,-0.51,633903
2022-09-01 04:10:15,12291.50,-0.54,649728
2022-09-01 04:11:15,12288.75,-0.57,652403
2022-09-01 04:12:15,12294.50,-0.52,653855
2022-09-01 04:13:15,12292.00,-0.54,654872
2022-09-01 04:14:15,12291.75,-0.54,655956
2022-09-01 04:15:15,12292.75,-0.53,657033
2022-09-01 04:16:15,12294.00,-0.52,657665
2022-09-01 04:17:15,12295.00,-0.52,658111
2022-09-01 04:18:15,12300.75,-0.47,658704
2022-09-01 04:19:15,12300.00,-0.48,659314
2022-09-01 04:20:15,12300.75,-0.47,659893
2022-09-01 04:21:15,12304.25,-0.44,660438
2022-09-01 04:22:15,12305.50,-0.43,660845
2022-09-01 04:23:15,12307.50,-0.41,661433
2022-09-01 04:24:15,12304.50,-0.44,661841
2022-09-01 04:25:15,12302.25,-0.46,662220
2022-09-01 04:26:15,12302.75,-0.45,662391
2022-09-01 04:27:15,12303.25,-0.45,662452
2022-09-01 04:28:15,12304.75,-0.44,662559
2022-09-01 04:29:15,12305.00,-0.43,662621
2022-09-01 04:30:15,12305.25,-0.43,662676
2022-09-01 04:31:15,12304.50,-0.44,662885
2022-09-01 04:32:15,12303.00,-0.45,662959
2022-09-01 04:33:15,12301.50,-0.46,663041
2022-09-01 04:34:15,12304.25,-0.44,663157
2022-09-01 04:35:15,12305.50,-0.43,663219
2022-09-01 04:36:15,12304.25,-0.44,663282
2022-09-01 04:37:15,12305.25,-0.43,663321
2022-09-01 04:38:15,12305.75,-0.43,663461
2022-09-01 04:39:15,12305.75,-0.43,663526
2022-09-01 04:40:15,12306.25,-0.42,663644
2022-09-01 04:41:15,12306.50,-0.42,663694
2022-09-01 04:42:15,12308.25,-0.41,663792
2022-09-01 04:43:15,12309.00,-0.40,663889
2022-09-01 04:44:15,12308.50,-0.41,663993
2022-09-01 04:45:15,12307.00,-0.42,664064
2022-09-01 04:46:15,12307.25,-0.42,664087
2022-09-01 04:47:15,12307.25,-0.42,664136
2022-09-01 04:48:15,12306.00,-0.43,664175
2022-09-01 04:49:15,12306.50,-0.42,664206
2022-09-01 04:50:15,12307.25,-0.42,664242
2022-09-01 04:51:15,12305.50,-0.43,664291
2022-09-01 04:52:15,12307.50,-0.41,664340
2022-09-01 04:53:15,12306.25,-0.42,664395
2022-09-01 04:54:15,12306.25,-0.42,664436
2022-09-01 04:55:15,12306.00,-0.43,664500
2022-09-01 04:56:15,12302.75,-0.45,664663
2022-09-01 04:57:15,12301.50,-0.46,664945
2022-09-01 04:58:15,12298.50,-0.49,665038
2022-09-01 04:59:15,12298.75,-0.49,665096
2022-09-01 05:00:15,12300.75,-0.47,665163
2022-09-01 05:01:15,12301.75,-0.46,665202
2022-09-01 05:02:15,12301.75,-0.46,665239
2022-09-01 05:03:15,12300.50,-0.47,665297
2022-09-01 05:04:15,12301.50,-0.46,665347
2022-09-01 05:05:15,12303.00,-0.45,665389
2022-09-01 05:06:15,12303.25,-0.45,665441
2022-09-01 05:07:15,12302.75,-0.45,665495
2022-09-01 05:08:15,12305.00,-0.43,665597
2022-09-01 05:09:15,12307.25,-0.42,665714
2022-09-01 05:10:15,12305.50,-0.43,665752
2022-09-01 05:11:15,12305.50,-0.43,665752
2022-09-01 05:12:15,12305.50,-0.43,665752
2022-09-01 05:13:15,12305.50,-0.43,665752
2022-09-01 05:14:15,12305.50,-0.43,665752
2022-09-01 05:15:15,12305.50,-0.43,665752
2022-09-01 05:16:15,12305.50,-0.43,665752
2022-09-01 05:17:15,12305.50,-0.43,665752
2022-09-01 05:18:15,12305.50,-0.43,665752
2022-09-01 05:19:15,12305.50,-0.43,665752
2022-09-01 05:20:15,12305.50,-0.43,665752
2022-09-01 05:21:15,12305.50,-0.43,665752
2022-09-01 05:22:15,12305.50,-0.43,665752
2022-09-01 05:23:15,12305.50,-0.43,665752
2022-09-01 05:24:15,12305.50,-0.43,665752
2022-09-01 05:25:15,12305.50,-0.43,665752
2022-09-01 05:26:15,12305.50,-0.43,665752
2022-09-01 05:27:15,12305.50,-0.43,665752
2022-09-01 05:28:15,12305.50,-0.43,665752
2022-09-01 05:29:15,12305.50,-0.43,665752
2022-09-01 05:30:15,12305.50,-0.43,665752
2022-09-01 05:31:15,12305.50,-0.43,665752
2022-09-01 05:32:15,12305.50,-0.43,665752
2022-09-01 05:33:15,12305.50,-0.43,665752
2022-09-01 05:34:15,12305.50,-0.43,665752
2022-09-01 05:35:15,12305.50,-0.43,665752
2022-09-01 05:36:15,12305.50,-0.43,665752
2022-09-01 05:37:15,12305.50,-0.43,665752
2022-09-01 05:38:15,12305.50,-0.43,665752
2022-09-01 05:39:15,12305.50,-0.43,665752
2022-09-01 05:40:15,12305.50,-0.43,665752
2022-09-01 05:41:15,12305.50,-0.43,665752
2022-09-01 05:42:15,12305.50,-0.43,665752
2022-09-01 05:43:15,12305.50,-0.43,665752
2022-09-01 05:44:15,12305.50,-0.43,665752
2022-09-01 05:45:15,12305.50,-0.43,665752
2022-09-01 05:46:15,12305.50,-0.43,665752
2022-09-01 05:47:15,12305.50,-0.43,665752
2022-09-01 05:48:15,12305.50,-0.43,665752
2022-09-01 05:49:15,12305.50,-0.43,665752
2022-09-01 05:50:15,12305.50,-0.43,665752
2022-09-01 05:51:15,12305.50,-0.43,665752
2022-09-01 05:52:15,12305.50,-0.43,665752
2022-09-01 05:53:15,12305.50,-0.43,665752
2022-09-01 05:54:15,12305.50,-0.43,665752
2022-09-01 05:55:15,12305.50,-0.43,665752
2022-09-01 05:56:15,12305.50,-0.43,665752
2022-09-01 05:57:15,12305.50,-0.43,665752
2022-09-01 05:58:15,12305.50,-0.43,665752
2022-09-01 05:59:15,12305.50,-0.43,665752
2022-09-01 06:00:15,12305.50,-0.43,665752
2022-09-01 06:01:15,12305.50,-0.43,665752
2022-09-01 06:02:15,12305.50,-0.43,665752
2022-09-01 06:03:15,12305.50,-0.43,665752
2022-09-01 06:04:15,12305.50,-0.43,665752
2022-09-01 06:05:15,12305.50,-0.43,665752
2022-09-01 06:06:15,12305.50,-0.43,665752
2022-09-01 06:07:15,12305.50,-0.43,665752
2022-09-01 06:08:15,12305.50,-0.43,665752
2022-09-01 06:09:15,12305.50,-0.43,665752
2022-09-01 06:10:15,12288.00,+0.02,363
2022-09-01 06:11:15,12288.00,+0.02,739
2022-09-01 06:12:15,12290.50,+0.04,887
2022-09-01 06:13:15,12288.25,+0.02,990
2022-09-01 06:14:15,12286.25,+0.01,1104
2022-09-01 06:15:15,12289.50,+0.03,1218
2022-09-01 06:16:15,12291.50,+0.05,1275
2022-09-01 06:17:15,12290.25,+0.04,1341
2022-09-01 06:18:15,12287.50,+0.02,1435
2022-09-01 06:19:15,12288.00,+0.02,1572
2022-09-01 06:20:15,12287.25,+0.02,1660
2022-09-01 06:21:15,12286.25,+0.01,1724
2022-09-01 06:22:15,12283.25,-0.02,1860
2022-09-01 06:23:15,12279.00,-0.05,1995
2022-09-01 06:24:15,12277.50,-0.06,2056
2022-09-01 06:25:15,12266.50,-0.15,2621
2022-09-01 06:26:15,12261.75,-0.19,2885
2022-09-01 06:27:15,12259.50,-0.21,3226
2022-09-01 06:28:15,12254.00,-0.25,3449
2022-09-01 06:29:15,12253.50,-0.26,3623
2022-09-01 06:30:15,12254.25,-0.25,3774
2022-09-01 06:31:15,12253.25,-0.26,3849
2022-09-01 06:32:15,12259.00,-0.21,4149
2022-09-01 06:33:15,12255.00,-0.25,4264
2022-09-01 06:34:15,12245.00,-0.33,4855
2022-09-01 06:35:15,12236.50,-0.40,5373
2022-09-01 06:36:15,12228.00,-0.47,5943
2022-09-01 06:37:15,12223.75,-0.50,6273
2022-09-01 06:38:15,12228.50,-0.46,6578
2022-09-01 06:39:15,12226.00,-0.48,6721
2022-09-01 06:40:15,12227.25,-0.47,6869
2022-09-01 06:41:15,12224.00,-0.50,7116
2022-09-01 06:42:15,12216.75,-0.56,7568
2022-09-01 06:43:15,12209.25,-0.62,7937
2022-09-01 06:44:15,12210.50,-0.61,8209
2022-09-01 06:45:15,12214.75,-0.57,8471
2022-09-01 06:46:15,12218.25,-0.55,8663
2022-09-01 06:47:15,12215.75,-0.57,8792
2022-09-01 06:48:15,12212.50,-0.59,8927
2022-09-01 06:49:15,12210.75,-0.61,9096
2022-09-01 06:50:15,12212.50,-0.59,9246
2022-09-01 06:51:15,12213.75,-0.58,9422
2022-09-01 06:52:15,12215.75,-0.57,9529
2022-09-01 06:53:15,12215.50,-0.57,9614
2022-09-01 06:54:15,12212.50,-0.59,9666
2022-09-01 06:55:15,12212.50,-0.59,9725
2022-09-01 06:56:15,12214.50,-0.58,9776
2022-09-01 06:57:15,12218.25,-0.55,9909
2022-09-01 06:58:15,12217.50,-0.55,9967
2022-09-01 06:59:15,12217.25,-0.55,10007
2022-09-01 07:00:15,12217.75,-0.55,10064
2022-09-01 07:01:15,12221.75,-0.52,10147
2022-09-01 07:02:15,12223.25,-0.50,10263
2022-09-01 07:03:15,12224.25,-0.50,10334
2022-09-01 07:04:15,12229.25,-0.46,10585
2022-09-01 07:05:15,12229.50,-0.45,10643
2022-09-01 07:06:15,12227.75,-0.47,10704
2022-09-01 07:07:15,12226.75,-0.48,10790
2022-09-01 07:08:15,12227.25,-0.47,10907
2022-09-01 07:09:15,12227.75,-0.47,11005
2022-09-01 07:10:15,12225.75,-0.48,11095
2022-09-01 07:11:15,12224.25,-0.50,11180
2022-09-01 07:12:15,12221.50,-0.52,11331
2022-09-01 07:13:15,12215.00,-0.57,11492
2022-09-01 07:14:15,12211.50,-0.60,11686
2022-09-01 07:15:15,12213.00,-0.59,11832
2022-09-01 07:16:15,12208.00,-0.63,11971
2022-09-01 07:17:15,12203.25,-0.67,12359
2022-09-01 07:18:15,12205.75,-0.65,12514
2022-09-01 07:19:15,12210.50,-0.61,12636
2022-09-01 07:20:15,12209.25,-0.62,12721
2022-09-01 07:21:15,12210.00,-0.61,12784
2022-09-01 07:22:15,12211.25,-0.60,12894
2022-09-01 07:23:15,12209.00,-0.62,12929
2022-09-01 07:24:15,12203.25,-0.67,13122
2022-09-01 07:25:15,12203.50,-0.67,13208
2022-09-01 07:26:15,12202.75,-0.67,13269
2022-09-01 07:27:15,12199.25,-0.70,13599
2022-09-01 07:28:15,12200.25,-0.69,13778
2022-09-01 07:29:15,12198.75,-0.70,13851
2022-09-01 07:30:15,12189.75,-0.78,14509
2022-09-01 07:31:15,12189.00,-0.78,14686
2022-09-01 07:32:15,12187.75,-0.79,14908
2022-09-01 07:33:15,12184.25,-0.82,15019
2022-09-01 07:34:15,12187.50,-0.80,15134
2022-09-01 07:35:15,12184.00,-0.82,15260
2022-09-01 07:36:15,12172.75,-0.92,15825
2022-09-01 07:37:15,12165.50,-0.97,16558
2022-09-01 07:38:15,12165.50,-0.97,16913
2022-09-01 07:39:15,12165.50,-0.97,17094
2022-09-01 07:40:15,12160.25,-1.02,17578
2022-09-01 07:41:15,12156.50,-1.05,17896
2022-09-01 07:42:15,12162.75,-1.00,18317
2022-09-01 07:43:15,12162.00,-1.00,18703
2022-09-01 07:44:15,12165.25,-0.98,18855
2022-09-01 07:45:15,12169.00,-0.95,19108
2022-09-01 07:46:15,12171.75,-0.92,19367
2022-09-01 07:47:15,12165.75,-0.97,19585
2022-09-01 07:48:15,12168.50,-0.95,19684
2022-09-01 07:49:15,12166.00,-0.97,19802
2022-09-01 07:50:15,12164.50,-0.98,20045
2022-09-01 07:51:15,12164.00,-0.99,20166
2022-09-01 07:52:15,12165.25,-0.98,20256
2022-09-01 07:53:15,12165.25,-0.98,20341
2022-09-01 07:54:15,12170.00,-0.94,20454
2022-09-01 07:55:15,12168.75,-0.95,20595
2022-09-01 07:56:15,12172.25,-0.92,20806
2022-09-01 07:57:15,12169.50,-0.94,20957
2022-09-01 07:58:15,12173.25,-0.91,21096
2022-09-01 07:59:15,12171.00,-0.93,21203
2022-09-01 08:00:15,12173.25,-0.91,21321
2022-09-01 08:01:15,12173.50,-0.91,21408
2022-09-01 08:02:15,12175.75,-0.89,21544
2022-09-01 08:03:15,12176.25,-0.89,21712
2022-09-01 08:04:15,12172.50,-0.92,21921
2022-09-01 08:05:15,12167.75,-0.96,22068
2022-09-01 08:06:15,12174.00,-0.91,22170
2022-09-01 08:07:15,12179.75,-0.86,22332
2022-09-01 08:08:15,12177.75,-0.88,22614
2022-09-01 08:09:15,12178.50,-0.87,22756
2022-09-01 08:10:15,12177.75,-0.88,22911
2022-09-01 08:11:15,12175.25,-0.90,23058
2022-09-01 08:12:15,12177.25,-0.88,23368
2022-09-01 08:13:15,12175.50,-0.89,23547
2022-09-01 08:14:15,12175.00,-0.90,23714
2022-09-01 08:15:15,12179.00,-0.86,23826
2022-09-01 08:16:15,12182.50,-0.84,23953
2022-09-01 08:17:15,12181.50,-0.84,24150
2022-09-01 08:18:15,12185.00,-0.82,24312
2022-09-01 08:19:15,12182.75,-0.83,24419
2022-09-01 08:20:15,12174.25,-0.90,24640
2022-09-01 08:21:15,12171.00,-0.93,24977
2022-09-01 08:22:15,12170.50,-0.93,25133
2022-09-01 08:23:15,12166.00,-0.97,25338
2022-09-01 08:24:15,12163.00,-1.00,25528
2022-09-01 08:25:15,12158.50,-1.03,25983
2022-09-01 08:26:15,12156.00,-1.05,26304
2022-09-01 08:27:15,12160.00,-1.02,26546
2022-09-01 08:28:15,12153.75,-1.07,26750
2022-09-01 08:29:15,12159.50,-1.02,26921
2022-09-01 08:30:15,12161.50,-1.01,26997
2022-09-01 08:31:15,12166.00,-0.97,27145
2022-09-01 08:32:15,12166.75,-0.96,27348
2022-09-01 08:33:15,12166.00,-0.97,27485
2022-09-01 08:34:15,12164.50,-0.98,27595
2022-09-01 08:35:15,12167.50,-0.96,27679
2022-09-01 08:36:15,12166.00,-0.97,27793
2022-09-01 08:37:15,12165.75,-0.97,27885
2022-09-01 08:38:15,12165.50,-0.97,28046
2022-09-01 08:39:15,12170.75,-0.93,28253
2022-09-01 08:40:15,12172.25,-0.92,28380
2022-09-01 08:41:15,12173.50,-0.91,28512
2022-09-01 08:42:15,12171.50,-0.93,28605
2022-09-01 08:43:15,12164.75,-0.98,28770
2022-09-01 08:44:15,12155.50,-1.06,29256
2022-09-01 08:45:15,12161.25,-1.01,29411
2022-09-01 08:46:15,12159.75,-1.02,29830
2022-09-01 08:47:15,12157.00,-1.04,29953
2022-09-01 08:48:15,12157.00,-1.04,30121
2022-09-01 08:49:15,12146.75,-1.13,30718
2022-09-01 08:50:15,12153.00,-1.08,31007
2022-09-01 08:51:15,12151.50,-1.09,31142
2022-09-01 08:52:15,12144.50,-1.15,31559
2022-09-01 08:53:15,12149.00,-1.11,31829
2022-09-01 08:54:15,12130.50,-1.26,32697
2022-09-01 08:55:15,12127.25,-1.29,33181
2022-09-01 08:56:15,12128.25,-1.28,33742
2022-09-01 08:57:15,12133.75,-1.23,34102
2022-09-01 08:58:15,12128.50,-1.28,34343
2022-09-01 08:59:15,12133.50,-1.24,34604
2022-09-01 09:00:15,12141.50,-1.17,35055
2022-09-01 09:01:15,12148.50,-1.11,35405
2022-09-01 09:02:15,12146.25,-1.13,35526
2022-09-01 09:03:15,12146.75,-1.13,35750
2022-09-01 09:04:15,12145.50,-1.14,35875
2022-09-01 09:05:15,12145.25,-1.14,36014
2022-09-01 09:06:15,12143.50,-1.15,36093
2022-09-01 09:07:15,12148.00,-1.12,36195
2022-09-01 09:08:15,12149.50,-1.10,36330
2022-09-01 09:09:15,12146.75,-1.13,36507
2022-09-01 09:10:15,12151.50,-1.09,36663
2022-09-01 09:11:15,12154.50,-1.06,36893
2022-09-01 09:12:15,12149.75,-1.10,37171
2022-09-01 09:13:15,12152.25,-1.08,37268
2022-09-01 09:14:15,12160.00,-1.02,37552
2022-09-01 09:15:15,12163.50,-0.99,37744
2022-09-01 09:16:15,12160.00,-1.02,37845
2022-09-01 09:17:15,12163.75,-0.99,38071
2022-09-01 09:18:15,12163.50,-0.99,38103
2022-09-01 09:19:15,12159.00,-1.03,38470
2022-09-01 09:20:15,12161.75,-1.01,38585
2022-09-01 09:21:15,12157.50,-1.04,38738
2022-09-01 09:22:15,12158.75,-1.03,38814
2022-09-01 09:23:15,12163.75,-0.99,38998
2022-09-01 09:24:15,12158.25,-1.03,39182
2022-09-01 09:25:15,12161.25,-1.01,39284
2022-09-01 09:26:15,12163.50,-0.99,39433
2022-09-01 09:27:15,12173.00,-0.91,39774
2022-09-01 09:28:15,12171.25,-0.93,39935
2022-09-01 09:29:15,12171.00,-0.93,40012
2022-09-01 09:30:15,12166.00,-0.97,40215
2022-09-01 09:31:15,12165.00,-0.98,40419
2022-09-01 09:32:15,12160.50,-1.02,40563
2022-09-01 09:33:15,12163.25,-0.99,40672
2022-09-01 09:34:15,12170.25,-0.94,40792
2022-09-01 09:35:15,12167.25,-0.96,41088
2022-09-01 09:36:15,12170.25,-0.94,41184
2022-09-01 09:37:15,12169.25,-0.94,41356
2022-09-01 09:38:15,12170.00,-0.94,41426
2022-09-01 09:39:15,12170.75,-0.93,41556
2022-09-01 09:40:15,12170.00,-0.94,41667
2022-09-01 09:41:15,12172.25,-0.92,41815
2022-09-01 09:42:15,12171.00,-0.93,41984
2022-09-01 09:43:15,12167.50,-0.96,42107
2022-09-01 09:44:15,12160.75,-1.01,42477
2022-09-01 09:45:15,12159.50,-1.02,42614
2022-09-01 09:46:15,12159.50,-1.02,42786
2022-09-01 09:47:15,12161.25,-1.01,42880
2022-09-01 09:48:15,12160.00,-1.02,43021
2022-09-01 09:49:15,12160.75,-1.01,43141
2022-09-01 09:50:15,12160.25,-1.02,43348
2022-09-01 09:51:15,12159.00,-1.03,43581
2022-09-01 09:52:15,12161.25,-1.01,43681
2022-09-01 09:53:15,12169.50,-0.94,43849
2022-09-01 09:54:15,12171.50,-0.93,43943
2022-09-01 09:55:15,12171.00,-0.93,44080
2022-09-01 09:56:15,12170.50,-0.93,44263
2022-09-01 09:57:15,12175.25,-0.90,44456
2022-09-01 09:58:15,12173.50,-0.91,44632
2022-09-01 09:59:15,12167.00,-0.96,44813
2022-09-01 10:00:15,12165.75,-0.97,45050
2022-09-01 10:01:15,12161.00,-1.01,45261
2022-09-01 10:02:15,12170.00,-0.94,45383
2022-09-01 10:03:15,12169.75,-0.94,45472
2022-09-01 10:04:15,12172.75,-0.92,45546
2022-09-01 10:05:15,12171.25,-0.93,45619
2022-09-01 10:06:15,12170.00,-0.94,45737
2022-09-01 10:07:15,12172.50,-0.92,45795
2022-09-01 10:08:15,12173.00,-0.91,45973
2022-09-01 10:09:15,12171.50,-0.93,46017
2022-09-01 10:10:15,12175.25,-0.90,46128
2022-09-01 10:11:15,12174.00,-0.91,46277
2022-09-01 10:12:15,12173.00,-0.91,46392
2022-09-01 10:13:15,12176.00,-0.89,46475
2022-09-01 10:14:15,12175.25,-0.90,46518
2022-09-01 10:15:15,12179.00,-0.86,46741
2022-09-01 10:16:15,12179.50,-0.86,47021
2022-09-01 10:17:15,12177.75,-0.88,47197
2022-09-01 10:18:15,12173.75,-0.91,47331
2022-09-01 10:19:15,12172.50,-0.92,47405
2022-09-01 10:20:15,12170.25,-0.94,47503
2022-09-01 10:21:15,12172.25,-0.92,47551
2022-09-01 10:22:15,12174.00,-0.91,47632
2022-09-01 10:23:15,12175.00,-0.90,47723
2022-09-01 10:24:15,12173.25,-0.91,47769
2022-09-01 10:25:15,12173.50,-0.91,47837
2022-09-01 10:26:15,12178.25,-0.87,48077
2022-09-01 10:27:15,12179.50,-0.86,48175
2022-09-01 10:28:39,12178.75,-0.87,48268
2022-09-01 10:29:39,12178.25,-0.87,48303
2022-09-01 10:30:39,12179.00,-0.86,48377
2022-09-01 10:32:58,12180.50,-0.85,48620
2022-09-01 10:33:58,12179.25,-0.86,48694
2022-09-01 10:34:58,12181.00,-0.85,48792
2022-09-01 10:35:58,12188.75,-0.79,49322
2022-09-01 10:36:58,12187.00,-0.80,49434
2022-09-01 10:38:11,12184.75,-0.82,49620
2022-09-01 10:42:27,12174.75,-0.90,50197
2022-09-01 10:43:27,12173.25,-0.91,50308
2022-09-01 10:44:27,12174.75,-0.90,50358
2022-09-01 10:45:27,12173.50,-0.91,50424
2022-09-01 10:46:27,12174.00,-0.91,50488
2022-09-01 10:47:27,12171.25,-0.93,50611
2022-09-01 10:48:27,12173.50,-0.91,50711
2022-09-01 10:49:27,12174.50,-0.90,50760
2022-09-01 10:50:27,12172.00,-0.92,50819
2022-09-01 10:52:13,12171.50,-0.93,50948
2022-09-01 10:53:13,12169.50,-0.94,51130
2022-09-01 10:54:13,12172.00,-0.92,51186
2022-09-01 10:55:13,12171.50,-0.93,51224
2022-09-01 10:56:13,12171.00,-0.93,51257
2022-09-01 10:57:13,12171.75,-0.92,51294
2022-09-01 10:58:13,12172.25,-0.92,51352
2022-09-01 10:59:13,12173.25,-0.91,51423
2022-09-01 11:00:13,12172.25,-0.92,51516
2022-09-01 11:01:13,12172.25,-0.92,51565
2022-09-01 11:02:13,12171.75,-0.92,51603
2022-09-01 11:03:13,12170.75,-0.93,51652
2022-09-01 11:04:13,12171.00,-0.93,51664
2022-09-01 11:05:13,12166.00,-0.97,51754
2022-09-01 11:06:13,12164.00,-0.99,51916
2022-09-01 11:07:13,12162.75,-1.00,52020
2022-09-01 11:08:13,12166.25,-0.97,52074
2022-09-01 11:09:13,12168.75,-0.95,52143
2022-09-01 11:10:13,12171.75,-0.92,52233
2022-09-01 11:11:13,12171.00,-0.93,52291
2022-09-01 11:12:13,12172.25,-0.92,52420
2022-09-01 11:13:13,12172.75,-0.92,52490
2022-09-01 11:14:13,12169.75,-0.94,52519
2022-09-01 11:15:13,12168.00,-0.95,52575
2022-09-01 11:16:13,12168.25,-0.95,52663
2022-09-01 11:17:13,12168.75,-0.95,52746
2022-09-01 11:18:13,12167.50,-0.96,52794
2022-09-01 11:19:13,12163.00,-1.00,52910
2022-09-01 11:20:13,12165.75,-0.97,52975
2022-09-01 11:21:13,12164.25,-0.98,53043
2022-09-01 11:22:13,12165.00,-0.98,53070
2022-09-01 11:23:13,12167.25,-0.96,53098
2022-09-01 11:24:13,12165.75,-0.97,53128
2022-09-01 11:25:13,12167.75,-0.96,53157
2022-09-01 11:26:13,12167.25,-0.96,53197
2022-09-01 11:27:13,12167.75,-0.96,53241
2022-09-01 11:28:13,12168.00,-0.95,53274
2022-09-01 11:29:13,12167.25,-0.96,53304
2022-09-01 11:30:13,12170.00,-0.94,53337
2022-09-01 11:31:13,12168.25,-0.95,53374
2022-09-01 11:32:13,12168.50,-0.95,53414
2022-09-01 11:33:13,12167.75,-0.96,53471
2022-09-01 11:34:13,12169.25,-0.94,53479
2022-09-01 11:35:13,12168.50,-0.95,53501
2022-09-01 11:36:13,12166.25,-0.97,53533
2022-09-01 11:37:13,12165.50,-0.97,53558
2022-09-01 11:39:28,12158.75,-1.03,53993
2022-09-01 11:40:28,12163.75,-0.99,54239
2022-09-01 11:42:36,12161.25,-1.01,54480
2022-09-01 11:43:36,12163.75,-0.99,54542
2022-09-01 11:44:36,12165.75,-0.97,54596
2022-09-01 11:45:36,12164.25,-0.98,54680
2022-09-01 11:46:36,12164.25,-0.98,54705
2022-09-01 11:47:36,12164.25,-0.98,54732
2022-09-01 11:48:59,12161.75,-1.01,54775
2022-09-01 11:49:59,12159.75,-1.02,54850
2022-09-01 11:50:59,12159.50,-1.02,54876
2022-09-01 11:51:59,12162.25,-1.00,54911
2022-09-01 11:52:59,12157.00,-1.04,55019
2022-09-01 11:53:59,12151.50,-1.09,55252
2022-09-01 11:54:59,12141.25,-1.17,55764
2022-09-01 11:55:59,12143.00,-1.16,55995
2022-09-01 11:56:59,12143.00,-1.16,56081
2022-09-01 11:57:59,12136.25,-1.21,56370
2022-09-01 11:58:59,12136.50,-1.21,56382
2022-09-01 11:59:59,12139.25,-1.19,56615
